,Date andtime (UTC),"Version,Booster [a]",Launch site,Payload[b],Payload mass,Orbit,Customer,Launchoutcome,Boosterlanding,date,day,year,month,time,season
0,4 June 201018:45,F9 v1.0[2] B0003[3],"CCSFS,SLC-40",Dragon Spacecraft Qualification Unit,No payload (excl. Dragon Mass),LEO,SpaceX,Success,Failure[4][5](parachute),2010-06-04 18:45:00,Friday,2010,6,18:45:00,Summer
1,8 December 201015:43[8],F9 v1.0[2] B0004[3],"CCSFS,SLC-40",SpaceX COTS Demo Flight 1(Dragon C101),Unknown (excl. Dragon Mass),LEO (ISS),NASA (COTS)various others[9],Success,Failure[4][10](parachute),2010-12-08 15:43:00,Wednesday,2010,12,15:43:00,Winter
2,22 May 201207:44[13],F9 v1.0[2] B0005[3],"CCSFS,SLC-40",SpaceX COTS Demo Flight 2[14](Dragon C102),"525 kg (1,157 lb)[15] (excl. Dragon mass)",LEO (ISS),NASA (COTS),Success,No attempt,2012-05-22 07:44:00,Tuesday,2012,5,07:44:00,Spring
3,8 October 201200:35[17],F9 v1.0[2] B0006[3],"CCSFS,SLC-40",SpaceX CRS-1[18](Dragon C103),"4,700 kg (10,400 lb) (excl. Dragon mass)",LEO (ISS),NASA (CRS),Success,No attempt,2012-10-08 00:35:00,Monday,2012,10,00:35:00,Autumn
4,1 March 201315:10,F9 v1.0[2] B0007[3],"CCSFS,SLC-40",SpaceX CRS-2[18](Dragon C104),"4,877 kg (10,752 lb) (excl. Dragon mass)",LEO (ISS),NASA (CRS),Success,No attempt,2013-03-01 15:10:00,Friday,2013,3,15:10:00,Spring
5,29 September 201316:00[26],F9 v1.1[2] B1003[3],"VSFB,SLC-4E",CASSIOPE[18][27],"500 kg (1,100 lb)",Polar orbit LEO,MDA,Success,Uncontrolled(ocean)[c],2013-09-29 16:00:00,Sunday,2013,9,16:00:00,Autumn
6,3 December 201322:41[30],F9 v1.1 B1004,"CCSFS,SLC-40",SES-8[18][31][32],"3,170 kg (6,990 lb)",GTO,SES,Success,No attempt[34],2013-12-03 22:41:00,Tuesday,2013,12,22:41:00,Winter
7,6 January 201422:06[37],F9 v1.1,"CCSFS,SLC-40",Thaicom 6[18],"3,325 kg (7,330 lb)",GTO,Thaicom,Success,No attempt[39],2014-01-06 22:06:00,Monday,2014,1,22:06:00,Winter
8,18 April 201419:25[17],F9 v1.1,"CCSFS,SLC-40",SpaceX CRS-3[18](Dragon C105),"2,296 kg (5,062 lb)[41] (excl. Dragon mass)",LEO (ISS),NASA (CRS),Success,Controlled(ocean)[c][42],2014-04-18 19:25:00,Friday,2014,4,19:25:00,Spring
9,14 July 201415:15,F9 v1.1,"CCSFS,SLC-40",Orbcomm-OG2-1(6 satellites)[18],"1,316 kg (2,901 lb)",LEO,Orbcomm,Success,Controlled(ocean)[c][42],2014-07-14 15:15:00,Monday,2014,7,15:15:00,Summer
10,5 August 201408:00,F9 v1.1,"CCSFS,SLC-40",AsiaSat 8[18][50][51],"4,535 kg (9,998 lb)",GTO,AsiaSat,Success,No attempt[53],2014-08-05 08:00:00,Tuesday,2014,8,08:00:00,Summer
11,7 September 201405:00,F9 v1.1 B1011[3],"CCSFS,SLC-40",AsiaSat 6[18][50][54],"4,428 kg (9,762 lb)",GTO,AsiaSat,Success,No attempt,2014-09-07 05:00:00,Sunday,2014,9,05:00:00,Autumn
12,21 September 201405:52[17],F9 v1.1 B1010[3],"CCSFS,SLC-40",SpaceX CRS-4[18](Dragon C106.1),"2,216 kg (4,885 lb)[58] (excl. Dragon mass)",LEO (ISS),NASA (CRS),Success,Uncontrolled(ocean)[c][60],2014-09-21 05:52:00,Sunday,2014,9,05:52:00,Autumn
13,10 January 201509:47[63],F9 v1.1 B1012[3],"CCSFS,SLC-40",SpaceX CRS-5[64](Dragon C107),"2,395 kg (5,280 lb)[65] (excl. Dragon mass)",LEO (ISS),NASA (CRS),Success,Failure(drone ship),2015-01-10 09:47:00,Saturday,2015,1,09:47:00,Winter
14,11 February 201523:03[68],F9 v1.1 B1013[3],"CCSFS,SLC-40",DSCOVR[64][69],"570 kg (1,260 lb)",Sun–Earth L1 insertion,USAFNASANOAA,Success,Controlled(ocean)[c],2015-02-11 23:03:00,Wednesday,2015,2,23:03:00,Winter
15,2 March 201503:50[17][73],F9 v1.1 B1014[3],"CCSFS,SLC-40",ABS-3AEutelsat 115 West B[64],"4,159 kg (9,169 lb)",GTO,ABSEutelsat,Success,No attempt[74],2015-03-02 03:50:00,Monday,2015,3,03:50:00,Spring
16,14 April 201520:10[17],F9 v1.1 B1015[3],"CCSFS,SLC-40",SpaceX CRS-6[64](Dragon C108.1),"1,898 kg (4,184 lb)[79] (excl. Dragon mass)",LEO (ISS),NASA (CRS),Success,Failure[80](drone ship),2015-04-14 20:10:00,Tuesday,2015,4,20:10:00,Spring
17,27 April 201523:03[83],F9 v1.1 B1016[3],"CCSFS,SLC-40",TürkmenÄlem 52°E / MonacoSAT[64][84],"4,707 kg (10,377 lb)",GTO,Turkmenistan NationalSpace Agency[85],Success,No attempt[86],2015-04-27 23:03:00,Monday,2015,4,23:03:00,Spring
18,28 June 201514:21[17][88],F9 v1.1 B1018[3],"CCSFS,SLC-40",SpaceX CRS-7[64](Dragon C109),"1,952 kg (4,303 lb)[89] (excl. Dragon mass)",LEO (ISS),NASA (CRS),Failure,Precluded[91](drone ship),2015-06-28 14:21:00,Sunday,2015,6,14:21:00,Summer
19,22 December 201501:29[94],F9 FT B1019[95],"CCSFS,SLC-40",Orbcomm-OG2-2(11 satellites)[18][94],"2,034 kg (4,484 lb)",LEO,Orbcomm,Success,Success[96](ground pad),2015-12-22 01:29:00,Tuesday,2015,12,01:29:00,Winter
20,17 January 201618:42[17],F9 v1.1 B1017[3],"VSFB,SLC-4E",Jason-3[64][101],"553 kg (1,219 lb)",LEO,NASA (LSP)NOAACNES,Success,Failure(drone ship),2016-01-17 18:42:00,Sunday,2016,1,18:42:00,Winter
21,4 March 201623:35[17],F9 FT B1020[105],"CCSFS,SLC-40",SES-9[64][106][107],"5,271 kg (11,621 lb)",GTO,SES,Success,Failure(drone ship),2016-03-04 23:35:00,Friday,2016,3,23:35:00,Spring
22,8 April 201620:43[17],F9 FT B1021.1[112],"CCSFS,SLC-40",SpaceX CRS-8[64][107](Dragon C110.1),"3,136 kg (6,914 lb)[113] (excl. Dragon mass)",LEO (ISS),NASA (CRS),Success,Success[115](drone ship),2016-04-08 20:43:00,Friday,2016,4,20:43:00,Spring
23,6 May 201605:21[17],F9 FT B1022[119],"CCSFS,SLC-40",JCSAT-14[120],"4,696 kg (10,353 lb)[121]",GTO,SKY Perfect JSAT Group,Success,Success(drone ship),2016-05-06 05:21:00,Friday,2016,5,05:21:00,Spring
24,27 May 201621:39[125],F9 FT B1023.1[126],"CCSFS,SLC-40",Thaicom 8[127][128],"3,100 kg (6,800 lb)[129]",GTO,Thaicom,Success,Success[130](drone ship),2016-05-27 21:39:00,Friday,2016,5,21:39:00,Spring
25,15 June 201614:29[17],F9 FT B1024[105],"CCSFS,SLC-40",ABS-2AEutelsat 117 West B[64],"3,600 kg (7,900 lb)",GTO,ABSEutelsat,Success,Failure[60](drone ship),2016-06-15 14:29:00,Wednesday,2016,6,14:29:00,Summer
26,18 July 201604:45[17],F9 FT B1025.1[126],"CCSFS,SLC-40",SpaceX CRS-9[64][138](Dragon C111.1),"2,257 kg (4,976 lb)[139] (excl. Dragon mass)",LEO (ISS),NASA (CRS),Success,Success(ground pad),2016-07-18 04:45:00,Monday,2016,7,04:45:00,Summer
27,14 August 201605:26,F9 FT B1026[105],"CCSFS,SLC-40",JCSAT-16,"4,600 kg (10,100 lb)",GTO,SKY Perfect JSAT Group,Success,Success(drone ship),2016-08-14 05:26:00,Sunday,2016,8,05:26:00,Summer
28,14 January 201717:54,F9 FT B1029.1[148],"VSFB,SLC-4E",Iridium NEXT-1(10 satellites)[149][150],"9,600 kg (21,200 lb)",Polar LEO,Iridium Communications,Success,Success[151](drone ship),2017-01-14 17:54:00,Saturday,2017,1,17:54:00,Winter
29,19 February 201714:39,F9 FT B1031.1[3],"KSC,LC-39A",SpaceX CRS-10[138](Dragon C112.1),"2,490 kg (5,490 lb)[157] (excl. Dragon mass)",LEO (ISS),NASA (CRS),Success,Success(ground pad),2017-02-19 14:39:00,Sunday,2017,2,14:39:00,Winter
30,16 March 201706:00,F9 FT B1030[160],"KSC,LC-39A",EchoStar 23,"5,600 kg (12,300 lb)[161]",GTO,EchoStar,Success,No attempt[162],2017-03-16 06:00:00,Thursday,2017,3,06:00:00,Spring
31,30 March 201722:27,F9 FT ♺B1021.2[112],"KSC,LC-39A",SES-10[106][165],"5,300 kg (11,700 lb)[166]",GTO,SES,Success,Success(drone ship),2017-03-30 22:27:00,Thursday,2017,3,22:27:00,Spring
32,1 May 201711:15,F9 FT B1032.1[126],"KSC,LC-39A",NROL-76[171],Classified,LEO[172],NRO,Success,Success(ground pad),2017-05-01 11:15:00,Monday,2017,5,11:15:00,Spring
33,15 May 201723:21,F9 FT B1034.1[176],"KSC,LC-39A",Inmarsat-5 F4[177],"6,070 kg (13,380 lb)[178]",GTO,Inmarsat,Success,No attempt[162],2017-05-15 23:21:00,Monday,2017,5,23:21:00,Spring
34,3 June 201721:07,F9 FT B1035.1[182],"KSC,LC-39A",SpaceX CRS-11[138](Dragon C106.2 ♺ ),"2,708 kg (5,970 lb)[183] (excl. Dragon mass)",LEO (ISS),NASA (CRS),Success,Success(ground pad),2017-06-03 21:07:00,Saturday,2017,6,21:07:00,Summer
35,23 June 201719:10,F9 FT ♺ B1029.2[192],"KSC,LC-39A",BulgariaSat-1[193],"3,669 kg (8,089 lb)[194]",GTO,Bulsatcom,Success,Success(drone ship),2017-06-23 19:10:00,Friday,2017,6,19:10:00,Summer
36,25 June 201720:25,F9 FT B1036.1[195],"VSFB,SLC-4E",Iridium NEXT-2(10 satellites),"9,600 kg (21,200 lb)",LEO,Iridium Communications,Success,Success(drone ship),2017-06-25 20:25:00,Sunday,2017,6,20:25:00,Summer
37,5 July 201723:38,F9 FT B1037.1[197],"KSC,LC-39A",Intelsat 35e[198],"6,761 kg (14,905 lb)[199]",GTO,Intelsat,Success,No attempt[162],2017-07-05 23:38:00,Wednesday,2017,7,23:38:00,Summer
38,14 August 201716:31,F9 B4 B1039.1[204],"KSC,LC-39A",SpaceX CRS-12[138](Dragon C113.1),"3,310 kg (7,300 lb) (excl. Dragon mass)",LEO (ISS),NASA (CRS),Success,Success(ground pad),2017-08-14 16:31:00,Monday,2017,8,16:31:00,Summer
39,24 August 201718:51,F9 FT B1038.1[206],"VSFB,SLC-4E",Formosat-5[207][208],"475 kg (1,047 lb)[209]",SSO,NSPO,Success,Success(drone ship),2017-08-24 18:51:00,Thursday,2017,8,18:51:00,Summer
40,7 September 201714:00[212],F9 B4 B1040.1[105],"KSC,LC-39A",Boeing X-37B OTV-5,"4,990 kg (11,000 lb)[213]+ OTV payload",LEO,USAF,Success,Success(ground pad),2017-09-07 14:00:00,Thursday,2017,9,14:00:00,Autumn
41,9 October 201712:37,F9 B4 B1041.1[216],"VSFB,SLC-4E",Iridium NEXT-3(10 satellites)[149],"9,600 kg (21,200 lb)",Polar LEO,Iridium Communications,Success,Success(drone ship),2017-10-09 12:37:00,Monday,2017,10,12:37:00,Autumn
42,11 October 201722:53:00,F9 FT ♺ B1031.2[217],"KSC,LC-39A",SES-11 / EchoStar 105,"5,400 kg (11,900 lb)[218][219]",GTO,SES S.A.EchoStar,Success,Success(drone ship),2017-10-11 22:53:00,Wednesday,2017,10,22:53:00,Autumn
43,30 October 201719:34,F9 B4 B1042.1[216],"KSC,LC-39A",Koreasat 5A[221],"3,500 kg (7,700 lb)",GTO,KT Corporation,Success,Success(drone ship),2017-10-30 19:34:00,Monday,2017,10,19:34:00,Autumn
44,15 December 201715:36[225],F9 FT ♺ B1035.2[226],"CCSFS,SLC-40",SpaceX CRS-13[138](Dragon C108.2 ♺ ),"2,205 kg (4,861 lb) (excl. Dragon mass)",LEO (ISS),NASA (CRS),Success,Success(ground pad),2017-12-15 15:36:00,Friday,2017,12,15:36:00,Winter
45,23 December 201701:27[228],F9 FT ♺ B1036.2[226],"VSFB,SLC-4E",Iridium NEXT-4(10 satellites)[149],"9,600 kg (21,200 lb)",Polar LEO,Iridium Communications,Success,Controlled(ocean)[c][229],2017-12-23 01:27:00,Saturday,2017,12,01:27:00,Winter
46,8 January 201801:00[235],F9 B4 B1043.1,"CCSFS,SLC-40",Zuma[236],Classified,LEO,Northrop Grumman [e],Success,Success(ground pad),2018-01-08 01:00:00,Monday,2018,1,01:00:00,Winter
47,31 January 201821:25[240],F9 FT ♺ B1032.2[241],"CCSFS,SLC-40",GovSat-1 (SES-16)[242],"4,230 kg (9,330 lb)[243]",GTO,SES,Success,Controlled(ocean)[c][244],2018-01-31 21:25:00,Wednesday,2018,1,21:25:00,Winter
48,22 February 201814:17[262],F9 FT ♺ B1038.2[263],"VSFB,SLC-4E",Paz[264]Tintin A and Tintin B[265],"2,150 kg (4,740 lb)",SSO,HisdesatexactEarthSpaceX,Success,No attempt[266],2018-02-22 14:17:00,Thursday,2018,2,14:17:00,Winter
49,6 March 201805:33[271],F9 B4 B1044.1[105],"CCSFS,SLC-40",Hispasat 30W-6[272]PODSat[273],"6,092 kg (13,431 lb)[274]",GTO,Hispasat[272]NovaWurks,Success,Controlled(ocean)[c][276],2018-03-06 05:33:00,Tuesday,2018,3,05:33:00,Spring
50,30 March 201814:14[280],F9 B4 ♺ B1041.2[263],"VSFB,SLC-4E",Iridium NEXT-5(10 satellites)[149],"9,600 kg (21,200 lb)",Polar LEO,Iridium Communications,Success,No attempt[282],2018-03-30 14:14:00,Friday,2018,3,14:14:00,Spring
51,2 April 201820:30[286],F9 B4 ♺ B1039.2[287],"CCSFS,SLC-40",SpaceX CRS-14[138](Dragon C110.2 ♺ ),"2,647 kg (5,836 lb)[287] (excl. Dragon mass)",LEO (ISS),NASA (CRS),Success,No attempt[289],2018-04-02 20:30:00,Monday,2018,4,20:30:00,Spring
52,18 April 201822:51[298],F9 B4 B1045.1[263],"CCSFS,SLC-40",Transiting Exoplanet Survey Satellite (TESS)[299],362 kg (798 lb)[300],HEO for P/2 orbit,NASA (LSP),Success,Success[301](drone ship),2018-04-18 22:51:00,Wednesday,2018,4,22:51:00,Spring
53,11 May 201820:14[305],F9 B5[306]B1046.1[263],"KSC,LC-39A",Bangabandhu-1[307][308],"3,600 kg (7,900 lb)[309]",GTO,Thales-Alenia / BTRC,Success,Success[310](drone ship),2018-05-11 20:14:00,Friday,2018,5,20:14:00,Spring
54,22 May 201819:47[316],F9 B4 ♺ B1043.2[317],"VSFB,SLC-4E",Iridium NEXT-6(5 satellites)[149][152]GRACE-FO × 2[318][319],"6,460 kg (14,240 lb)[f]",Polar LEO,Iridium CommunicationsGFZ • NASA,Success,No attempt[162],2018-05-22 19:47:00,Tuesday,2018,5,19:47:00,Spring
55,4 June 201804:45[325],F9 B4 ♺ B1040.2[263],"CCSFS,SLC-40",SES-12[326],"5,384 kg (11,870 lb)[327]",GTO,SES,Success,No attempt[162],2018-06-04 04:45:00,Monday,2018,6,04:45:00,Summer
56,29 June 201809:42[330],F9 B4 ♺ B1045.2[331],"CCSFS,SLC-40",SpaceX CRS-15(Dragon C111.2 ♺ ),"2,697 kg (5,946 lb)[332] (excl. Dragon mass)",LEO (ISS),NASA (CRS),Success,No attempt[162],2018-06-29 09:42:00,Friday,2018,6,09:42:00,Summer
57,22 July 201805:50[335],F9 B5 B1047.1,"CCSFS,SLC-40",Telstar 19V[336],"7,075 kg (15,598 lb)[337]",GTO[338],Telesat,Success,Success[339](drone ship),2018-07-22 05:50:00,Sunday,2018,7,05:50:00,Summer
58,25 July 201811:39[343],F9 B5[344]B1048.1[345],"VSFB,SLC-4E",Iridium NEXT-7(10 satellites)[149],"9,600 kg (21,200 lb)",Polar LEO,Iridium Communications,Success,Success[347](drone ship),2018-07-25 11:39:00,Wednesday,2018,7,11:39:00,Summer
59,7 August 201805:18[348],F9 B5 ♺ B1046.2[349],"CCSFS,SLC-40",Merah Putih (formerly Telkom-4)[350][351],"5,800 kg (12,800 lb)[352]",GTO,Telkom Indonesia,Success,Success[353](drone ship),2018-08-07 05:18:00,Tuesday,2018,8,05:18:00,Summer
60,10 September 201804:45[356],F9 B5 B1049.1[263],"CCSFS,SLC-40",Telstar 18V / Apstar-5C[336],"7,060 kg (15,560 lb)[356]",GTO[356],Telesat,Success,Success[356](drone ship),2018-09-10 04:45:00,Monday,2018,9,04:45:00,Autumn
61,8 October 201802:22[358],F9 B5 ♺ B1048.2[359],"VSFB,SLC-4E",SAOCOM 1A[360][361],"3,000 kg (6,600 lb)[358]",SSO,CONAE,Success,Success[358](ground pad),2018-10-08 02:22:00,Monday,2018,10,02:22:00,Autumn
62,15 November 201820:46[362],F9 B5 ♺ B1047.2[263],"KSC,LC-39A",Es'hail 2[363],"5,300 kg (11,700 lb)[364]",GTO,Es'hailSat,Success,Success[365](drone ship),2018-11-15 20:46:00,Thursday,2018,11,20:46:00,Autumn
63,3 December 201818:34:05,F9 B5 ♺ B1046.3[263] (SHERPA),"VSFB,SLC-4E",SSO-A (SmallSat Express),"~4,000 kg (8,800 lb)[367]",SSO,Spaceflight Industries,Success,Success[368](drone ship),2018-12-03 18:34:00,Monday,2018,12,18:34:00,Winter
64,5 December 201818:16,F9 B5 B1050[263],"CCSFS,SLC-40",SpaceX CRS-16(Dragon C112.2 ♺ ),"2,500 kg (5,500 lb)[377] (excl. Dragon mass)",LEO (ISS),NASA (CRS),Success,Failure[378](ground pad),2018-12-05 18:16:00,Wednesday,2018,12,18:16:00,Winter
65,23 December 201813:51[381],F9 B5 B1054[382],"CCSFS,SLC-40",GPS III-01 (Vespucci),"4,400 kg (9,700 lb)[383]",MEO,USAF,Success,No attempt[381],2018-12-23 13:51:00,Sunday,2018,12,13:51:00,Winter
66,11 January 201915:31[391],F9 B5 ♺ B1049.2[392],"VSFB,SLC-4E",Iridium NEXT-8(10 satellites)[149],"9,600 kg (21,200 lb)",Polar LEO,Iridium Communications,Success,Success(drone ship),2019-01-11 15:31:00,Friday,2019,1,15:31:00,Winter
67,22 February 201901:45[393],F9 B5 ♺ B1048.3[394],"CCSFS,SLC-40",Nusantara Satu (PSN-6)[395]Beresheet Moon lander[396]S5[397],"4,850 kg (10,690 lb)[398]",GTO,PSNSpaceIL / IAIAir Force Research,Success,Success(drone ship),2019-02-22 01:45:00,Friday,2019,2,01:45:00,Winter
68,2 March 201907:49[407],F9 B5 B1051.1[263][408],"KSC,LC-39A",Crew Dragon Demo-1[409](Dragon C204),"12,055 kg (26,577 lb)[410][g]",LEO (ISS), NASA (CCD) ,Success,Success(drone ship),2019-03-02 07:49:00,Saturday,2019,3,07:49:00,Spring
69,4 May 201906:48,F9 B5 B1056.1[415],"CCSFS,SLC-40",SpaceX CRS-17[138](Dragon C113.2 ♺ ),"2,495 kg (5,501 lb)[427] (excl. Dragon mass)",LEO (ISS),NASA (CRS),Success,Success(drone ship),2019-05-04 06:48:00,Saturday,2019,5,06:48:00,Spring
70,24 May 201902:30,F9 B5 ♺ B1049.3[429],"CCSFS,SLC-40",Starlink v0.9 (60 satellites),"13,620 kg (30,030 lb)[430]",LEO,SpaceX,Success,Success(drone ship),2019-05-24 02:30:00,Friday,2019,5,02:30:00,Spring
71,12 June 201914:17,F9 B5 ♺ B1051.2[415],"VSFB,SLC-4E",RADARSAT Constellation(3 satellites),"4,200 kg (9,300 lb)[439]",SSO,Canadian Space Agency (CSA),Success,Success(ground pad),2019-06-12 14:17:00,Wednesday,2019,6,14:17:00,Summer
72,25 July 201922:01[459],F9 B5 ♺ B1056.2[460],"CCSFS,SLC-40",SpaceX CRS-18[138](Dragon C108.3 ♺ ),"2,268 kg (5,000 lb)[459] (excl. Dragon mass)",LEO (ISS),NASA (CRS),Success,Success(ground pad),2019-07-25 22:01:00,Thursday,2019,7,22:01:00,Summer
73,6 August 201923:23[466],F9 B5 ♺ B1047.3[467],"CCSFS,SLC-40",AMOS-17[468],"6,500 kg (14,300 lb)[469]",GTO,Spacecom,Success,No attempt[469],2019-08-06 23:23:00,Tuesday,2019,8,23:23:00,Summer
74,11 November 201914:56[474],F9 B5 ♺ B1048.4,"CCSFS,SLC-40",Starlink 1 v1.0 (60 satellites),"15,600 kg (34,400 lb)[430]",LEO,SpaceX,Success,Success(drone ship),2019-11-11 14:56:00,Monday,2019,11,14:56:00,Autumn
75,5 December 201917:29[476],F9 B5 B1059.1[477],"CCSFS,SLC-40",SpaceX CRS-19[478](Dragon C106.3 ♺ ),"2,617 kg (5,769 lb) (excl. Dragon mass)",LEO (ISS),NASA (CRS),Success,Success(drone ship),2019-12-05 17:29:00,Thursday,2019,12,17:29:00,Winter
76,17 December 201900:10[481],F9 B5 ♺ B1056.3[477],"CCSFS,SLC-40",JCSat-18 / Kacific 1[482],"6,956 kg (15,335 lb)[481]",GTO,Sky Perfect JSATKacific 1,Success,Success(drone ship),2019-12-17 00:10:00,Tuesday,2019,12,00:10:00,Winter
77,25 November 202002:13[116],F9 B5 ♺ B1049.7[117],"CCSFS,SLC-40",Starlink 15 v1.0 (60 satellites),"15,600 kg (34,400 lb)",LEO,SpaceX,Success,Success(drone ship),2020-11-25 02:13:00,Wednesday,2020,11,02:13:00,Autumn
78,6 December 202016:17:08[118],F9 B5 ♺ B1058.4[119],"KSC,LC-39A",SpaceX CRS-21(Dragon C208.1),"2,972 kg (6,552 lb) (excl. Dragon mass)",LEO (ISS),NASA (CRS),Success,Success(drone ship),2020-12-06 16:17:00,Sunday,2020,12,16:17:00,Winter
79,13 December 202017:30:00[123],F9 B5 ♺ B1051.7,"CCSFS,SLC-40[124]",SXM-7,"7,000 kg (15,000 lb)",GTO,Sirius XM,Success,Success(drone ship),2020-12-13 17:30:00,Sunday,2020,12,17:30:00,Winter
80,19 December 202014:00:00[129],F9 B5 ♺ B1059.5,"KSC,LC-39A",NROL-108,Classified,LEO,NRO,Success,Success(ground pad),2020-12-19 14:00:00,Saturday,2020,12,14:00:00,Winter
81,8 January 202102:15[134],F9 B5 ♺ B1060.4,"CCSFS,SLC-40",Türksat 5A[135],"3,500 kg (7,700 lb)",GTO,Türksat,Success,Success(drone ship),2021-01-08 02:15:00,Friday,2021,1,02:15:00,Winter
82,20 January 202113:02:22[138],F9 B5 ♺ B1051.8[139],"KSC,LC-39A",Starlink 16 v1.0 (60 satellites),"15,600 kg (34,400 lb)",LEO,SpaceX,Success,Success(drone ship),2021-01-20 13:02:00,Wednesday,2021,1,13:02:00,Winter
83,24 January 202115:00[142],F9 B5 ♺ B1058.5[143],"CCSFS,SLC-40",Transporter-1: (143 smallsat rideshare),"~5,000 kg (11,000 lb)",SSO,Various,Success,Success(drone ship),2021-01-24 15:00:00,Sunday,2021,1,15:00:00,Winter
84,4 February 202106:19[154],F9 B5 ♺ B1060.5[155],"CCSFS,SLC-40",Starlink 18 v1.0 (60 satellites),"15,600 kg (34,400 lb)",LEO,SpaceX,Success,Success(drone ship),2021-02-04 06:19:00,Thursday,2021,2,06:19:00,Winter
85,16 February 202103:59:37[157],F9 B5 ♺ B1059.6,"CCSFS,SLC-40",Starlink 19 v1.0 (60 satellites)[158],"15,600 kg (34,400 lb)",LEO,SpaceX,Success,Failure (drone ship),2021-02-16 03:59:00,Tuesday,2021,2,03:59:00,Winter
86,4 March 202108:24:54[164],F9 B5 ♺ B1049.8[165],"KSC,LC-39A",Starlink 17 v1.0 (60 satellites),"15,600 kg (34,400 lb)",LEO,SpaceX,Success,Success(drone ship),2021-03-04 08:24:00,Thursday,2021,3,08:24:00,Spring
87,11 March 202108:13:29[168],F9 B5 ♺ B1058.6[169],"CCSFS,SLC-40",Starlink 20 v1.0 (60 satellites),"15,600 kg (34,400 lb)",LEO,SpaceX,Success,Success(drone ship),2021-03-11 08:13:00,Thursday,2021,3,08:13:00,Spring
88,14 March 202110:01:26[171],F9 B5 ♺ B1051.9,"KSC,LC-39A",Starlink 21 v1.0 (60 satellites),"15,600 kg (34,400 lb)",LEO,SpaceX,Success,Success(drone ship),2021-03-14 10:01:00,Sunday,2021,3,10:01:00,Spring
89,24 March 202108:28:24[173],F9 B5 ♺ B1060.6[174],"CCSFS,SLC-40",Starlink 22 v1.0 (60 satellites),"15,600 kg (34,400 lb)",LEO,SpaceX,Success,Success(drone ship),2021-03-24 08:28:00,Wednesday,2021,3,08:28:00,Spring
90,7 April 202116:34:18,F9 B5 ♺ B1058.7,"CCSFS,SLC-40",Starlink 23 v1.0 (60 satellites),"15,600 kg (34,400 lb)",LEO,SpaceX,Success,Success(drone ship),2021-04-07 16:34:00,Wednesday,2021,4,16:34:00,Spring
91,23 April 202109:49:02[177],F9 B5 ♺ B1061.2[178],"KSC,LC-39A",Crew-2(Crew Dragon C206.2 Endeavour ♺ ),"~13,000 kg (29,000 lb)[179]",LEO (ISS),NASA (CTS)[22],Success,Success(drone ship),2021-04-23 09:49:00,Friday,2021,4,09:49:00,Spring
92,29 April 202103:44:30[182],F9 B5 ♺ B1060.7[183],"CCSFS,SLC-40",Starlink 24 v1.0 (60 satellites),"15,600 kg (34,400 lb)",LEO,SpaceX,Success,Success(drone ship),2021-04-29 03:44:00,Thursday,2021,4,03:44:00,Spring
93,4 May 202119:01:07[185],F9 B5 ♺ B1049.9[186],"KSC,LC-39A",Starlink 25 v1.0 (60 satellites),"15,600 kg (34,400 lb)",LEO,SpaceX,Success,Success(drone ship),2021-05-04 19:01:00,Tuesday,2021,5,19:01:00,Spring
94,9 May 202106:42:45[187],F9 B5 ♺ B1051.10[188],"CCSFS,SLC-40",Starlink 27 v1.0 (60 satellites),"15,600 kg (34,400 lb)",LEO,SpaceX,Success,Success(drone ship),2021-05-09 06:42:00,Sunday,2021,5,06:42:00,Spring
95,15 May 202122:56[190],F9 B5 ♺ B1058.8,"KSC,LC-39A",Starlink 26 v1.0 (52 Satellites) Capella-6 &Tyvak-0130[191],"~14,000 kg (31,000 lb)",LEO,SpaceX Capella Space and Tyvak,Success,Success(drone ship),2021-05-15 22:56:00,Saturday,2021,5,22:56:00,Spring
96,26 May 202118:59:35[193],F9 B5 ♺ B1063.2,"CCSFS,SLC-40",Starlink 28 v1.0 (60 Satellites),"15,600 kg (34,400 lb)",LEO,SpaceX,Success,Success(drone ship),2021-05-26 18:59:00,Wednesday,2021,5,18:59:00,Spring
97,3 June 202117:29:17[195],F9 B5 B1067.1[196],"KSC,LC-39A",SpaceX CRS-22(Dragon C209.1),"3,328 kg (7,337 lb) (excl. Dragon mass)",LEO (ISS),NASA (CRS),Success,Success(drone ship),2021-06-03 17:29:00,Thursday,2021,6,17:29:00,Summer
98,6 June 202104:26[203],F9 B5 ♺ B1061.3,"CCSFS,SLC-40",SXM-8[204],"7,000 kg (15,000 lb)",GTO,Sirius XM,Success,Success(drone ship),2021-06-06 04:26:00,Sunday,2021,6,04:26:00,Summer
99,17 June 202116:09:35[206],F9 B5 ♺ B1062.2[207],"CCSFS,SLC-40",USA-319 / GPS III-05 (Neil Armstrong)[67][208],"4,331 kg (9,548 lb)[209]",MEO,USSF[56],Success,Success(drone ship),2021-06-17 16:09:00,Thursday,2021,6,16:09:00,Summer
100,30 June 202119:31[215],F9 B5 ♺ B1060.8,"CCSFS,SLC-40",Transporter-2: (88 payloads Smallsat Rideshare),Unknown[e],SSO,Various,Success,Success(ground pad),2021-06-30 19:31:00,Wednesday,2021,6,19:31:00,Summer
101,29 August 202107:14:49[220],F9 B5 ♺ B1061.4,"KSC,LC-39A",SpaceX CRS-23(Dragon C208.2 ♺ ),"~2,200 kg (4,900 lb) (excl. Dragon mass)",LEO (ISS),NASA (CRS),Success,Success(drone ship),2021-08-29 07:14:00,Sunday,2021,8,07:14:00,Summer
102,14 September 202103:55:50[223],F9 B5 ♺ B1049.10[224],"VSFB,SLC-4E","Starlink Group 2-1 (v1.5 L1, 51 satellites)[225][226]","~13,260 kg (29,230 lb)",LEO,SpaceX,Success,Success(drone ship),2021-09-14 03:55:00,Tuesday,2021,9,03:55:00,Autumn
103,16 September 202100:02:56[227],F9 B5 ♺ B1062.3[228],"KSC,LC-39A",Inspiration4(Crew Dragon C207.2 Resilience ♺ ),"~12,519 kg (27,600 lb)",LEO,Jared Isaacman[note 1][229][230],Success,Success(drone ship),2021-09-16 00:02:00,Thursday,2021,9,00:02:00,Autumn
104,11 November 202102:03:31[236],F9 B5 ♺ B1067.2[237],"KSC,LC-39A",Crew-3(Crew Dragon C210.1 Endurance),"~13,000 kg (29,000 lb)[238]",LEO (ISS),NASA (CTS)[22],Success,Success(drone ship),2021-11-11 02:03:00,Thursday,2021,11,02:03:00,Autumn
105,13 November 202112:19[240],F9 B5 ♺ B1058.9[241],"CCSFS,SLC-40",Starlink Group 4-1 (53 satellites)[242],"~15,635 kg (34,469 lb)",LEO,SpaceX,Success,Success(drone ship),2021-11-13 12:19:00,Saturday,2021,11,12:19:00,Autumn
106,24 November 202106:21[244],F9 B5 ♺ B1063.3[245],"VSFB,SLC-4E",Double Asteroid Redirection Test (DART)[246],"624 kg (1,376 lb)",Heliocentric,NASA (LSP),Success,Success(drone ship),2021-11-24 06:21:00,Wednesday,2021,11,06:21:00,Autumn
107,2 December 202123:12[250],F9 B5 ♺ B1060.9[251],"CCSFS,SLC-40",Starlink Group 4-3 (48 satellites)SXRS-2: BlackSky Global (2 sats)[252],"~14,500 kg (32,000 lb)",LEO,"SpaceXSpaceflight, Inc. (BlackSky Global)",Success,Success(drone ship),2021-12-02 23:12:00,Thursday,2021,12,23:12:00,Winter
108,9 December 202106:00[256],F9 B5 ♺ B1061.5,"KSC,LC-39A",Imaging X-ray Polarimetry Explorer (IXPE)[257],325 kg (717 lb),LEO,NASA (LSP),Success,Success(drone ship),2021-12-09 06:00:00,Thursday,2021,12,06:00:00,Winter
109,18 December 202112:41[260],F9 B5 ♺ B1051.11,"VSFB,SLC-4E",Starlink Group 4-4(52 satellites)[261],"15,600 kg (34,400 lb)",LEO,SpaceX,Success,Success(drone ship),2021-12-18 12:41:00,Saturday,2021,12,12:41:00,Winter
110,19 December 202103:58[262],F9 B5 ♺ B1067.3,"CCSFS,SLC-40",Türksat 5B[263],"4,500 kg (9,900 lb)",GTO,Türksat,Success,Success(drone ship),2021-12-19 03:58:00,Sunday,2021,12,03:58:00,Winter
111,21 December 202110:06[266],F9 B5 B1069.1,"KSC,LC-39A",SpaceX CRS-24(Dragon C209.2 ♺ ),"2,989 kg (6,590 lb) (excl. Dragon mass)",LEO (ISS),NASA (CRS),Success,Success[f](drone ship),2021-12-21 10:06:00,Tuesday,2021,12,10:06:00,Winter
112,6 January 202221:49[272][273],F9 B5 ♺ B1062.4,"KSC,LC-39A",Starlink Group 4-5(49 satellites)[274],"~14,500 kg (32,000 lb)",LEO,SpaceX,Success,Success(drone ship),2022-01-06 21:49:00,Thursday,2022,1,21:49:00,Winter
113,13 January 202215:25:38[275],F9 B5 ♺ B1058.10,"CCSFS,SLC-40",Transporter-3: (105 payloads Smallsat Rideshare)[276],Unknown[e],SSO,Various,Success,Success(ground pad),2022-01-13 15:25:00,Thursday,2022,1,15:25:00,Winter
114,19 January 202202:02:40[282],F9 B5 ♺ B1060.10,"KSC,LC-39A",Starlink Group 4-6(49 satellites),"~14,500 kg (32,000 lb)",LEO,SpaceX,Success,Success(drone ship),2022-01-19 02:02:00,Wednesday,2022,1,02:02:00,Winter
115,31 January 202223:11[284],F9 B5 ♺ B1052.3,"CCSFS,SLC-40",CSG-2,"2,205 kg (4,861 lb)",SSO,ASI,Success,Success(ground pad),2022-01-31 23:11:00,Monday,2022,1,23:11:00,Winter
116,2 February 202220:27[287],F9 B5 B1071.1,"VSFB,SLC-4E",NROL-87,Classified,SSO,NRO,Success,Success(ground pad),2022-02-02 20:27:00,Wednesday,2022,2,20:27:00,Winter
117,3 February 202218:13[290],F9 B5 ♺ B1061.6,"KSC,LC-39A",Starlink Group 4-7(49 satellites),"~14,500 kg (32,000 lb)",LEO,SpaceX,Success,Success(drone ship),2022-02-03 18:13:00,Thursday,2022,2,18:13:00,Winter
118,21 February 202214:44[293],F9 B5 ♺ B1058.11,"CCSFS,SLC-40",Starlink Group 4-8 (46 satellites),"~13,600 kg (30,000 lb)",LEO,SpaceX,Success,Success(drone ship),2022-02-21 14:44:00,Monday,2022,2,14:44:00,Winter
119,25 February 202217:12[295],F9 B5 ♺ B1063.4,"VSFB,SLC-4E",Starlink Group 4-11 (50 satellites)[296],"~14,750 kg (32,520 lb)",LEO,SpaceX,Success,Success(drone ship),2022-02-25 17:12:00,Friday,2022,2,17:12:00,Winter
120,3 March 202214:25[297],F9 B5 ♺ B1060.11,"KSC,LC-39A",Starlink Group 4-9 (47 satellites),"~13,900 kg (30,600 lb)",LEO,SpaceX,Success,Success(drone ship),2022-03-03 14:25:00,Thursday,2022,3,14:25:00,Spring
121,9 March 202213:45[298],F9 B5 ♺ B1052.4[299],"CCSFS,SLC-40",Starlink Group 4-10(48 satellites),"~14,160 kg (31,220 lb)",LEO,SpaceX,Success,Success(drone ship),2022-03-09 13:45:00,Wednesday,2022,3,13:45:00,Spring
122,19 March 202204:42[301],F9 B5 ♺ B1051.12,"CCSFS,SLC-40",Starlink Group 4-12 (53 satellites)[302],"~16,250 kg (35,830 lb)[303]",LEO,SpaceX,Success,Success(drone ship),2022-03-19 04:42:00,Saturday,2022,3,04:42:00,Spring
123,1 April 202216:24[306],F9 B5 ♺ B1061.7,"CCSFS,SLC-40",Transporter-4: (40 payloads Smallsat Rideshare),Unknown[e],SSO,Various,Success,Success(drone ship),2022-04-01 16:24:00,Friday,2022,4,16:24:00,Spring
124,8 April 202215:17:11[309][310],F9 B5 ♺ B1062.5,"KSC,LC-39A",Axiom-1(Crew Dragon C206.3 Endeavour ♺ )[309],"~13,000 kg (29,000 lb)",LEO (ISS),Axiom Space,Success,Success(drone ship),2022-04-08 15:17:00,Friday,2022,4,15:17:00,Spring
125,17 April 202213:13:12[312],F9 B5 ♺ B1071.2,"VSFB,SLC-4E",NROL-85 (Intruder 13A (NOSS-3 9A) and Intruder 13B (NOSS-3 9B))[313],Classified,LEO,NRO,Success,Success(ground pad),2022-04-17 13:13:00,Sunday,2022,4,13:13:00,Spring
126,21 April 202217:51[318],F9 B5 ♺ B1060.12,"CCSFS,SLC-40",Starlink Group 4-14 (53 satellites),"~16,250 kg (35,830 lb)[303]",LEO,SpaceX,Success,Success(drone ship),2022-04-21 17:51:00,Thursday,2022,4,17:51:00,Spring
127,27 April 202207:52[319],F9 B5 ♺ B1067.4[320],"KSC,LC-39A",Crew-4[112](Crew Dragon C212.1 Freedom)[321],"~13,000 kg (29,000 lb)",LEO (ISS),NASA (CTS)[22],Success,Success(drone ship),2022-04-27 07:52:00,Wednesday,2022,4,07:52:00,Spring
128,29 April 202221:27[323],F9 B5 ♺ B1062.6,"CCSFS,SLC-40",Starlink Group 4-16 (53 satellites),"~16,250 kg (35,830 lb)",LEO,SpaceX,Success,Success(drone ship),2022-04-29 21:27:00,Friday,2022,4,21:27:00,Spring
129,6 May 202209:46[324],F9 B5 ♺ B1058.12,"KSC,LC-39A",Starlink Group 4-17 (53 satellites),"~16,250 kg (35,830 lb)",LEO,SpaceX,Success,Success(drone ship),2022-05-06 09:46:00,Friday,2022,5,09:46:00,Spring
130,13 May 202222:07[325],F9 B5 ♺ B1063.5,"VSFB,SLC-4E",Starlink Group 4-13 (53 satellites)[326],"~16,250 kg (35,830 lb)",LEO,SpaceX,Success,Success(drone ship),2022-05-13 22:07:00,Friday,2022,5,22:07:00,Spring
131,14 May 202220:40[327],F9 B5 B1073.1,"CCSFS,SLC-40",Starlink Group 4-15 (53 satellites),"~16,250 kg (35,830 lb)",LEO,SpaceX,Success,Success(drone ship),2022-05-14 20:40:00,Saturday,2022,5,20:40:00,Spring
132,18 May 202210:59[328],F9 B5 ♺ B1052.5,"KSC,LC-39A",Starlink Group 4-18 (53 satellites),"~16,250 kg (35,830 lb)",LEO,SpaceX,Success,Success(drone ship),2022-05-18 10:59:00,Wednesday,2022,5,10:59:00,Spring
133,25 May 202218:35[329],F9 B5 ♺ B1061.8[330],"CCSFS,SLC-40",Transporter-5: (59 payloads Smallsat Rideshare),Unknown[e],SSO,Various,Success,Success(ground pad),2022-05-25 18:35:00,Wednesday,2022,5,18:35:00,Spring
134,8 June 202221:03[332],F9 B5 ♺ B1062.7[332],"CCSFS,SLC-40",Nilesat-301[333],"~4,100 kg (9,000 lb)[334]",GTO,Nilesat,Success,Success(drone ship),2022-06-08 21:03:00,Wednesday,2022,6,21:03:00,Summer
135,17 June 202216:09[335],F9 B5 ♺ B1060.13[335],"KSC,LC-39A",Starlink Group 4-19 (53 satellites),"~16,250 kg (35,830 lb)",LEO,SpaceX,Success,Success(drone ship),2022-06-17 16:09:00,Friday,2022,6,16:09:00,Summer
136,18 June 202214:19[337][338],F9 B5 ♺ B1071.3,"VSFB,SLC-4E",SARah 1[339],"~4,000 kg (8,800 lb)[340]",SSO,German Intelligence Service,Success,Success(ground pad),2022-06-18 14:19:00,Saturday,2022,6,14:19:00,Summer
137,19 June 202204:27[343],F9 B5 ♺ B1061.9[343],"CCSFS,SLC-40",Globalstar-2 M087 (FM15)[344]USA 328-331[345][346],"~700 kg (1,500 lb)(excluding secret payloads)",LEO,GlobalstarUnknown US Government Agency,Success,Success(drone ship),2022-06-19 04:27:00,Sunday,2022,6,04:27:00,Summer
138,29 June 202221:04[349],F9 B5 ♺ B1073.2[349],"CCSFS,SLC-40",SES-22,"~3,500 kg (7,700 lb)",GTO,SES,Success,Success(drone ship),2022-06-29 21:04:00,Wednesday,2022,6,21:04:00,Summer
139,7 July 202213:11[351],F9 B5 ♺ B1058.13[352],"CCSFS,SLC-40",Starlink Group 4-21 (53 satellites),"~16,250 kg (35,830 lb)",LEO,SpaceX,Success,Success(drone ship),2022-07-07 13:11:00,Thursday,2022,7,13:11:00,Summer
140,11 July 202201:39[353],F9 B5 ♺ B1063.6,"VSFB,SLC-4E",Starlink Group 3-1 (46 satellites)[354],"~14,100 kg (31,100 lb)[355]",SSO,SpaceX,Success,Success(drone ship),2022-07-11 01:39:00,Monday,2022,7,01:39:00,Summer
141,15 July 202200:44:22[356],F9 B5 ♺ B1067.5,"KSC,LC-39A",SpaceX CRS-25(Dragon C208.3 ♺ )[357],"2,668 kg (5,881 lb)[356](excl. Dragon mass)",LEO (ISS),NASA (CRS),Success,Success(drone ship),2022-07-15 00:44:00,Friday,2022,7,00:44:00,Summer
142,17 July 202214:20[358][359],F9 B5 ♺ B1051.13[359],"CCSFS,SLC-40",Starlink Group 4-22 (53 satellites),"~16,250 kg (35,830 lb)",LEO,SpaceX,Success,Success(drone ship),2022-07-17 14:20:00,Sunday,2022,7,14:20:00,Summer
143,22 July 202217:39[270],F9 B5 ♺ B1071.4,"VSFB,SLC-4E",Starlink Group 3-2 (46 satellites)[361],"~14,100 kg (31,100 lb)",SSO,SpaceX,Success,Success(drone ship),2022-07-22 17:39:00,Friday,2022,7,17:39:00,Summer
144,24 July 202213:38[362],F9 B5 ♺ B1062.8,"KSC,LC-39A",Starlink Group 4-25 (53 satellites),"~16,250 kg (35,830 lb)",LEO,SpaceX,Success,Success(drone ship),2022-07-24 13:38:00,Sunday,2022,7,13:38:00,Summer
145,4 August 202223:08[363],F9 B5 ♺ B1052.6,"CCSFS,SLC-40",Danuri (Korea Pathfinder Lunar Orbiter)[364],"~679 kg (1,497 lb)[365]",Ballistic lunar transfer (BLT),KARI,Success,Success(drone ship),2022-08-04 23:08:00,Thursday,2022,8,23:08:00,Summer
146,10 August 202202:14[368],F9 B5 ♺ B1073.3[369],"KSC,LC-39A",Starlink Group 4-26[370] (52 satellites),"~16,000 kg (35,000 lb)",LEO,SpaceX,Success,Success(drone ship),2022-08-10 02:14:00,Wednesday,2022,8,02:14:00,Summer
147,12 August 202221:40:20[371][372],F9 B5 ♺ B1061.10,"VSFB,SLC-4E",Starlink Group 3-3[373] (46 satellites),"~14,100 kg (31,100 lb)",SSO,SpaceX,Success,Success(drone ship),2022-08-12 21:40:00,Friday,2022,8,21:40:00,Summer
148,19 August 202219:21:20[374],F9 B5 ♺ B1062.9,"CCSFS,SLC-40",Starlink Group 4-27[375] (53 satellites),"~16,250 kg (35,830 lb)",LEO,SpaceX,Success,Success(drone ship),2022-08-19 19:21:00,Friday,2022,8,19:21:00,Summer
149,28 August 202203:41[305],F9 B5 ♺ B1069.2[376],"CCSFS,SLC-40",Starlink Group 4-23[377] (54 satellites)[378],"~16,700 kg (36,800 lb)",LEO,SpaceX,Success,Success(drone ship),2022-08-28 03:41:00,Sunday,2022,8,03:41:00,Summer
150,31 August 202205:40[381],F9 B5 ♺ B1063.7,"VSFB,SLC-4E",Starlink Group 3-4[382] (46 satellites),"~14,200 kg (31,300 lb)",SSO,SpaceX,Success,Success(drone ship),2022-08-31 05:40:00,Wednesday,2022,8,05:40:00,Summer
151,5 September 202202:09[383],F9 B5 ♺ B1052.7,"CCSFS,SLC-40",Starlink Group 4-20 (51 satellites) Sherpa-LTC2,"~16,000 kg (35,000 lb)[384][385]",LEO,SpaceXSpaceflight Industries,Success,Success(drone ship),2022-09-05 02:09:00,Monday,2022,9,02:09:00,Autumn
152,11 September 202201:20[386],F9 B5 ♺ B1058.14,"KSC,LC-39A",Starlink Group 4-2[387] (34 satellites)BlueWalker-3,"~11,938 kg (26,319 lb)",LEO,SpaceXAST SpaceMobile,Success,Success(drone ship),2022-09-11 01:20:00,Sunday,2022,9,01:20:00,Autumn
153,19 September 202200:18[391],F9 B5 ♺ B1067.6[392],"CCSFS,SLC-40",Starlink Group 4-34 (54 satellites)[393],"~16,700 kg (36,800 lb)",LEO,SpaceX,Success,Success(drone ship),2022-09-19 00:18:00,Monday,2022,9,00:18:00,Autumn
154,24 September 202223:32[394],F9 B5 ♺ B1073.4[395],"CCSFS,SLC-40",Starlink Group 4-35 (52 satellites)[396],"~16,100 kg (35,500 lb)",LEO,SpaceX,Success,Success(drone ship),2022-09-24 23:32:00,Saturday,2022,9,23:32:00,Autumn
155,5 October 202216:00[397],F9 B5 B1077.1,"KSC,LC-39A",Crew-5[112](Crew Dragon C210.2 Endurance ♺ ),"~13,000 kg (29,000 lb)",LEO (ISS),NASA (CTS)[22],Success,Success(drone ship),2022-10-05 16:00:00,Wednesday,2022,10,16:00:00,Autumn
156,5 October 202223:10[400],F9 B5 ♺ B1071.5,"VSFB,SLC-4E",Starlink Group 4-29 (52 satellites),"~16,100 kg (35,500 lb)",LEO,SpaceX,Success,Success(drone ship),2022-10-05 23:10:00,Wednesday,2022,10,23:10:00,Autumn
157,8 October 202223:05[401],F9 B5 ♺ B1060.14[402],"CCSFS,SLC-40",Galaxy 33 and Galaxy 34 (2 satellites)[403],"7,350 kg (16,200 lb)",GTO[404],Intelsat,Success,Success(drone ship),2022-10-08 23:05:00,Saturday,2022,10,23:05:00,Autumn
158,15 October 202205:22[408],F9 B5 ♺ B1069.3,"CCSFS,SLC-40",Hotbird 13F,"~4,500 kg (9,900 lb)",GTO,Eutelsat,Success,Success(drone ship),2022-10-15 05:22:00,Saturday,2022,10,05:22:00,Autumn
159,20 October 202214:50[412],F9 B5 ♺ B1062.10[413],"CCSFS,SLC-40",Starlink Group 4-36 (54 satellites),"~16,700 kg (36,800 lb)",LEO,SpaceX,Success,Success(drone ship),2022-10-20 14:50:00,Thursday,2022,10,14:50:00,Autumn
160,28 October 202201:14:10[415],F9 B5 ♺ B1063.8,"VSFB,SLC-4E",Starlink Group 4-31[416] (53 satellites),"~16,400 kg (36,200 lb)",LEO,SpaceX,Success,Success(drone ship),2022-10-28 01:14:00,Friday,2022,10,01:14:00,Autumn
161,3 November 202205:22[423],F9 B5 ♺ B1067.7,"CCSFS,SLC-40",Hotbird 13G,"~4,500 kg (9,900 lb)",GTO,Eutelsat,Success,Success(drone ship),2022-11-03 05:22:00,Thursday,2022,11,05:22:00,Autumn
162,12 November 202216:06[424],F9 B5 ♺ B1051.14,"CCSFS,SLC-40",Galaxy 31 and Galaxy 32 (2 satellites),"~6,600 kg (14,600 lb)",GTO,Intelsat,Success,No attempt,2022-11-12 16:06:00,Saturday,2022,11,16:06:00,Autumn
163,23 November 202202:57[426],F9 B5 ♺ B1049.11[427],"CCSFS,SLC-40",Eutelsat 10B,"5,500 kg (12,100 lb)[428]",GTO,Eutelsat,Success,No attempt,2022-11-23 02:57:00,Wednesday,2022,11,02:57:00,Autumn
164,26 November 202219:20[431],F9 B5 B1076.1,"KSC,LC-39A",SpaceX CRS-26(Dragon C211.1)[432],"3,528 kg (7,778 lb)[433]",LEO (ISS),NASA (CRS),Success,Success(drone ship),2022-11-26 19:20:00,Saturday,2022,11,19:20:00,Autumn
165,8 December 202222:27[434],F9 B5 ♺ B1069.4,"KSC,LC-39A",OneWeb Flight #15 / SpaceX Flight 1 (40 satellites),"6,000 kg (13,000 lb)",Polar LEO,OneWeb,Success,Success(ground pad),2022-12-08 22:27:00,Thursday,2022,12,22:27:00,Winter
166,11 December 202207:38[437],F9 B5 ♺  B1073.5,"CCSFS,SLC-40",Hakuto-R Mission 1[438]Emirates Lunar MissionLunar Flashlight[439],"~1,000 kg (2,200 lb)[440][441]",Ballistic lunar transfer (BLT),ispace MBRSC  JAXA NASA,Success,Success(ground pad),2022-12-11 07:38:00,Sunday,2022,12,07:38:00,Winter
167,16 December 202211:46[445],F9 B5 ♺ B1071.6,"VSFB,SLC-4E",Surface Water and Ocean Topography (SWOT)[446],"~2,200 kg (4,900 lb)[447]",LEO,NASA/CNES,Success,Success(ground pad),2022-12-16 11:46:00,Friday,2022,12,11:46:00,Winter
168,16 December 202222:48[449],F9 B5 ♺ B1067.8,"CCSFS,SLC-40",O3b mPOWER 1 & 2,"~4,100 kg (9,000 lb)",MEO,SES,Success,Success(drone ship),2022-12-16 22:48:00,Friday,2022,12,22:48:00,Winter
169,17 December 202221:32[449],F9 B5 ♺ B1058.15,"KSC,LC-39A",Starlink Group 4-37[452] (54 satellites),"~16,700 kg (36,800 lb)",LEO,SpaceX,Success,Success(drone ship),2022-12-17 21:32:00,Saturday,2022,12,21:32:00,Winter
170,28 December 202209:34[453],F9 B5 ♺ B1062.11,"CCSFS,SLC-40",Starlink Group 5-1 (54 satellites),"~16,700 kg (36,800 lb)",LEO,SpaceX,Success,Success(drone ship),2022-12-28 09:34:00,Wednesday,2022,12,09:34:00,Winter
171,30 December 202207:38[456],F9 B5 ♺ B1061.11,"VSFB,SLC-4E",EROS-C3[457],~400 kg (880 lb),Retrograde LEO,ImageSat International,Success,Success(ground pad),2022-12-30 07:38:00,Friday,2022,12,07:38:00,Winter
172,3 January 202314:56[464],F9 B5 ♺ B1060.15[465],"CCSFS,SLC-40",Transporter-6: (115 payloads Smallsat Rideshare),Unknown[e],SSO,Various,Success,Success(ground pad),2023-01-03 14:56:00,Tuesday,2023,1,14:56:00,Winter
173,10 January 202304:50[470],F9 B5 ♺ B1076.2,"CCSFS,SLC-40",OneWeb Flight #16 / SpaceX Flight 2[436][471] (40 satellites)[472],"6,000 kg (13,000 lb)",Polar LEO,OneWeb,Success,Success(ground pad),2023-01-10 04:50:00,Tuesday,2023,1,04:50:00,Winter
174,18 January 202312:24[478],F9 B5 ♺ B1077.2,"CCSFS,SLC-40",USA-343 / GPS III-06 (Amelia Earhart)[67][208],"4,352 kg (9,595 lb)",MEO,USSF[56],Success,Success(drone ship),2023-01-18 12:24:00,Wednesday,2023,1,12:24:00,Winter
175,19 January 202315:43[479],F9 B5B1075.1,"VSFB,SLC-4E",Starlink Group 2-4 (51 satellites),"15,000 kg (33,000 lb)",LEO,SpaceX,Success,Success(drone ship),2023-01-19 15:43:00,Thursday,2023,1,15:43:00,Winter
176,26 January 202309:32[480],F9 B5 ♺B1067.9,"CCSFS,SLC-40",Starlink Group 5-2 (56 satellites),"~17,400 kg (38,400 lb)[379]",LEO,SpaceX,Success,Success(drone ship),2023-01-26 09:32:00,Thursday,2023,1,09:32:00,Winter
177,31 January 202316:15[481],F9 B5 ♺B1071.7[482],"VSFB,SLC-4E",Starlink Group 2-6[483] (49 satellites)ION SCV009 Eclectic Elena[484],"~15,200 kg (33,500 lb)",LEO,SpaceXD-Orbit,Success,Success(drone ship),2023-01-31 16:15:00,Tuesday,2023,1,16:15:00,Winter
178,2 February 202307:58[481],F9 B5 ♺B1069.5,"KSC,LC-39A",Starlink Group 5-3 (53 satellites)[485],"16,500 kg (36,400 lb)",LEO,SpaceX,Success,Success(drone ship),2023-02-02 07:58:00,Thursday,2023,2,07:58:00,Winter
179,7 February 202301:32[486],F9 B5 ♺B1073.6[487],"CCSFS,SLC-40",Amazonas Nexus,"4,146 kg (9,140 lb)[488]",GTO,Hispasat,Success,Success(drone ship),2023-02-07 01:32:00,Tuesday,2023,2,01:32:00,Winter
180,12 February 202305:10[492],F9 B5 ♺B1062.12[493],"CCSFS,SLC-40",Starlink Group 5-4 (55 satellites)[494],"17,100 kg (37,700 lb)",LEO,SpaceX,Success,Success(drone ship),2023-02-12 05:10:00,Sunday,2023,2,05:10:00,Winter
181,17 February 202319:12[492],F9 B5 ♺B1063.9[496],"VSFB,SLC-4E",Starlink Group 2-5 (51 satellites),"15,900 kg (35,100 lb)",LEO,SpaceX,Success,Success(drone ship),2023-02-17 19:12:00,Friday,2023,2,19:12:00,Winter
182,18 February 202303:59[497],F9 B5 ♺B1077.3[498],"CCSFS,SLC-40",Inmarsat-6 F2[499][500],"5,470 kg (12,060 lb)[497]",GTO,Inmarsat,Success,Success(drone ship),2023-02-18 03:59:00,Saturday,2023,2,03:59:00,Winter
183,27 February 202323:13[503],F9 B5 ♺B1076.3[504],"CCSFS,SLC-40",Starlink Group 6-1[505] (21 satellites)[506],"~16,900 kg (37,300 lb)",LEO,SpaceX,Success,Success(drone ship),2023-02-27 23:13:00,Monday,2023,2,23:13:00,Winter
184,2 March 202305:34[510],F9 B5B1078.1,"KSC,LC-39A",Crew-6(Crew Dragon C206.4 Endeavour ♺ )[511],"~13,000 kg (29,000 lb)",LEO (ISS),NASA (CTS)[22],Success,Success(drone ship),2023-03-02 05:34:00,Thursday,2023,3,05:34:00,Spring
185,3 March 202318:38[503],F9 B5 ♺B1061.12,"VSFB,SLC-4E",Starlink Group 2-7[512] (51 satellites),"15,900 kg (35,100 lb)",LEO,SpaceX,Success,Success(drone ship),2023-03-03 18:38:00,Friday,2023,3,18:38:00,Spring
186,9 March 202319:13[513],F9 B5 ♺B1062.13,"CCSFS,SLC-40",OneWeb #17 / SpaceX OneWeb-3 (40 satellites)[436][471],"6,000 kg (13,000 lb)",LEO,OneWeb,Success,Success(ground pad),2023-03-09 19:13:00,Thursday,2023,3,19:13:00,Spring
187,15 March 202300:30[514],F9 B5 ♺B1073.7[515],"KSC,LC-39A",SpaceX CRS-27(Dragon C209.3 ♺)[516],"2,852 kg (6,288 lb)",LEO (ISS),NASA (CRS),Success,Success(drone ship),2023-03-15 00:30:00,Wednesday,2023,3,00:30:00,Spring
188,17 March 202319:26[519],F9 B5 ♺B1071.8,"VSFB,SLC-4E",Starlink Group 2-8 (52 satellites),"~16,200 kg (35,700 lb)",LEO,SpaceX,Success,Success(drone ship),2023-03-17 19:26:00,Friday,2023,3,19:26:00,Spring
189,17 March 202323:38[519],F9 B5 ♺B1069.6,"CCSFS,SLC-40",SES-18 and SES-19,"~7,000 kg (15,000 lb)",GTO,SES,Success,Success(drone ship),2023-03-17 23:38:00,Friday,2023,3,23:38:00,Spring
190,24 March 202315:43[522],F9 B5 ♺B1067.10,"CCSFS,SLC-40",Starlink Group 5-5[523] (56 satellites),"~17,400 kg (38,400 lb)",LEO,SpaceX,Success,Success(drone ship),2023-03-24 15:43:00,Friday,2023,3,15:43:00,Spring
191,29 March 202320:01[524],F9 B5 ♺B1077.4,"CCSFS,SLC-40",Starlink Group 5-10 (56 satellites),"~17,400 kg (38,400 lb)",LEO,SpaceX,Success,Success(drone ship),2023-03-29 20:01:00,Wednesday,2023,3,20:01:00,Spring
192,2 April 202314:29[525],F9 B5 ♺B1075.2,"VSFB,SLC-4E",Transport and Tracking Layer (Tranche 0A) (8 Transport and 2 Tracking Layer satellites),Unknown,LEO,SDA,Success,Success(ground pad),2023-04-02 14:29:00,Sunday,2023,4,14:29:00,Spring
193,7 April 202304:30[527],F9 B5 ♺B1076.4,"CCSFS,SLC-40",Intelsat 40eTEMPO,"~5,588 kg (12,319 lb)[528]",GTO,IntelsatNASA,Success,Success(drone ship),2023-04-07 04:30:00,Friday,2023,4,04:30:00,Spring
194,15 April 202306:47[530],F9 B5 ♺B1063.10,"VSFB,SLC-4E",Transporter-7: (51 payloads Smallsat Rideshare),Unknown,SSO,Various,Success,Success(ground pad),2023-04-15 06:47:00,Saturday,2023,4,06:47:00,Spring
195,19 April 202314:31[533],F9 B5 ♺B1073.8,"CCSFS,SLC-40",Starlink Group 6-2 (21 satellites),"~16,900 kg (37,300 lb)",LEO,SpaceX,Success,Success(drone ship),2023-04-19 14:31:00,Wednesday,2023,4,14:31:00,Spring
196,27 April 202313:40[535],F9 B5 ♺B1061.13,"VSFB,SLC-4E",Starlink Group 3-5 (46 satellites),"~14,100 kg (31,100 lb)",SSO,SpaceX,Success,Success(drone ship),2023-04-27 13:40:00,Thursday,2023,4,13:40:00,Spring
197,28 April 202322:12[536],F9 B5 ♺B1078.2[537],"CCSFS,SLC-40",O3b mPOWER 3 & 4,"~4,100 kg (9,000 lb)",MEO,SES,Success,Success(drone ship),2023-04-28 22:12:00,Friday,2023,4,22:12:00,Spring
198,4 May 202307:31[544],F9 B5 ♺B1069.7[544],"CCSFS,SLC-40",Starlink Group 5-6[545] (56 satellites),"~17,400 kg (38,400 lb)",LEO,SpaceX,Success,Success(drone ship),2023-05-04 07:31:00,Thursday,2023,5,07:31:00,Spring
199,10 May 202320:09[546],F9 B5 ♺B1075.3[547],"VSFB,SLC-4E",Starlink Group 2-9 (51 satellites),"15,900 kg (35,100 lb)",LEO,SpaceX,Success,Success(drone ship),2023-05-10 20:09:00,Wednesday,2023,5,20:09:00,Spring
200,14 May 202305:03[548],F9 B5 ♺B1067.11,"CCSFS,SLC-40",Starlink Group 5-9[549] (56 satellites),"~17,400 kg (38,400 lb)",LEO,SpaceX,Success,Success(drone ship),2023-05-14 05:03:00,Sunday,2023,5,05:03:00,Spring
201,19 May 202306:19[550],F9 B5 ♺B1076.5,"CCSFS,SLC-40",Starlink Group 6-3[551] (22 satellites),"~16,700 kg (36,800 lb)",LEO,SpaceX,Success,Success(drone ship),2023-05-19 06:19:00,Friday,2023,5,06:19:00,Spring
202,20 May 202313:16[550],F9 B5 ♺B1063.11,"VSFB,SLC-4E",Iridium-NEXT[552] (5 satellites)OneWeb (15 Gen1 plus a Gen2 test satellite)[553],"~6,600 kg (14,600 lb)",Polar LEO,Iridium & OneWeb,Success,Success(drone ship),2023-05-20 13:16:00,Saturday,2023,5,13:16:00,Spring
203,21 May 202321:37[555],F9 B5B1080.1,"KSC,LC-39A",Ax-2(Crew Dragon C212.2 Freedom ♺) [552],"~13,000 kg (29,000 lb)",LEO (ISS),Axiom Space,Success,Success(ground pad),2023-05-21 21:37:00,Sunday,2023,5,21:37:00,Spring
204,27 May 202304:30[561],F9 B5 ♺B1062.14,"CCSFS,SLC-40",ArabSat 7B (Badr-8)[562],"~4,500 kg (9,900 lb)",GTO,Arabsat,Success,Success(drone ship),2023-05-27 04:30:00,Saturday,2023,5,04:30:00,Spring
205,31 May 202306:02[564],F9 B5 ♺B1061.14,"VSFB,SLC-4E",Starlink Group 2-10[565] (52 satellites),"~16,400 kg (36,200 lb)",LEO,SpaceX,Success,Success(drone ship),2023-05-31 06:02:00,Wednesday,2023,5,06:02:00,Spring
206,4 June 202312:20[564],F9 B5 ♺B1078.3,"CCSFS,SLC-40",Starlink Group 6-4[566] (22 satellites),"~16,700 kg (36,800 lb)",LEO,SpaceX,Success,Success(drone ship),2023-06-04 12:20:00,Sunday,2023,6,12:20:00,Summer
207,5 June 202315:47[567],F9 B5 ♺B1077.5[568],"KSC,LC-39A",SpaceX CRS-28(Dragon C208.4 ♺ )[569],"~9,525 kg (20,999 lb)",LEO (ISS),NASA (CRS),Success,Success(drone ship),2023-06-05 15:47:00,Monday,2023,6,15:47:00,Summer
208,12 June 202307:10[570],F9 B5 ♺B1073.9,"CCSFS,SLC-40",Starlink Group 5-11[571] (52 satellites),"~16,400 kg (36,200 lb)",LEO,SpaceX,Success,Success(drone ship),2023-06-12 07:10:00,Monday,2023,6,07:10:00,Summer
209,12 June 202321:35[572],F9 B5 ♺B1071.9,"VSFB,SLC-4E",Transporter-8: (72 payloads Smallsat Rideshare),Unknown[e],SSO,Various,Success,Success(ground pad),2023-06-12 21:35:00,Monday,2023,6,21:35:00,Summer
210,18 June 202322:21[573],F9 B5 ♺B1067.12[574],"CCSFS,SLC-40",SATRIA[575],"~4,580 kg (10,100 lb)",GTO,PT Pasifik Satelit Nusantara,Success,Success(drone ship),2023-06-18 22:21:00,Sunday,2023,6,22:21:00,Summer
211,22 June 202307:19[573],F9 B5 ♺B1075.4[576],"VSFB,SLC-4E",Starlink Group 5-7[577] (47 satellites),"~14,500 kg (32,000 lb)[578]",LEO,SpaceX,Success,Success(drone ship),2023-06-22 07:19:00,Thursday,2023,6,07:19:00,Summer
212,23 June 202315:35[579],F9 B5 ♺B1069.8,"CCSFS,SLC-40",Starlink Group 5-12 (56 satellites),"~17,400 kg (38,400 lb)",LEO,SpaceX,Success,Success(drone ship),2023-06-23 15:35:00,Friday,2023,6,15:35:00,Summer
213,1 July 202315:12[580],F9 B5 ♺B1080.2,"CCSFS,SLC-40",Euclid[581],"~2,160 kg (4,760 lb)",Sun–Earth L2 injection,ESA,Success,Success(drone ship),2023-07-01 15:12:00,Saturday,2023,7,15:12:00,Summer
214,7 July 202319:29[582],F9 B5 ♺B1063.12[583],"VSFB,SLC-4E",Starlink Group 5-13[584] (48 satellites),"~14,900 kg (32,800 lb)",LEO,SpaceX,Success,Success(drone ship),2023-07-07 19:29:00,Friday,2023,7,19:29:00,Summer
215,10 July 202303:58[582],F9 B5 ♺B1058.16,"CCSFS,SLC-40",Starlink Group 6-5[585] (22 satellites),"~16,700 kg (36,800 lb)",LEO,SpaceX,Success,Success(drone ship),2023-07-10 03:58:00,Monday,2023,7,03:58:00,Summer
216,16 July 202303:50[586],F9 B5 ♺B1060.16[587],"CCSFS,SLC-40",Starlink Group 5-15[588] (54 satellites),"~16,700 kg (36,800 lb)",LEO,SpaceX,Success,Success(drone ship),2023-07-16 03:50:00,Sunday,2023,7,03:50:00,Summer
217,20 July 202304:09[589],F9 B5 ♺B1071.10,"VSFB,SLC-4E",Starlink Group 6-15[590](15 satellites)[591],"~12,000 kg (26,000 lb)",LEO,SpaceX,Success,Success(drone ship),2023-07-20 04:09:00,Thursday,2023,7,04:09:00,Summer
218,24 July 202300:50[589],F9 B5 ♺B1076.6,"CCSFS,SLC-40",Starlink Group 6-6[592] (22 satellites),"~16,700 kg (36,800 lb)",LEO,SpaceX,Success,Success(drone ship),2023-07-24 00:50:00,Monday,2023,7,00:50:00,Summer
219,28 July 202304:01[593],F9 B5 ♺B1062.15,"CCSFS,SLC-40",Starlink Group 6-7 (22 satellites),"~16,700 kg (36,800 lb)",LEO,SpaceX,Success,Success(drone ship),2023-07-28 04:01:00,Friday,2023,7,04:01:00,Summer
220,3 August 202305:00[598],F9 B5 ♺B1077.6,"CCSFS,SLC-40",Galaxy 37[405]Horizons-4,"~5,063 kg (11,162 lb)",GTO,Intelsat,Success,Success(drone ship),2023-08-03 05:00:00,Thursday,2023,8,05:00:00,Summer
221,7 August 202302:41[602],F9 B5 ♺B1078.4,"CCSFS,SLC-40",Starlink Group 6-8 (22 satellites),"~16,700 kg (36,800 lb)",LEO,SpaceX,Success,Success(drone ship),2023-08-07 02:41:00,Monday,2023,8,02:41:00,Summer
222,8 August 202303:57[603],F9 B5 ♺B1075.5,"VSFB,SLC-4E",Starlink Group 6-20[590](15 satellites),"~12,000 kg (26,000 lb)",LEO,SpaceX,Success,Success(drone ship),2023-08-08 03:57:00,Tuesday,2023,8,03:57:00,Summer
223,11 August 202305:17[604],F9 B5 ♺B1069.9,"CCSFS,SLC-40",Starlink Group 6-9[605] (22 satellites),"~16,700 kg (36,800 lb)",LEO,SpaceX,Success,Success(drone ship),2023-08-11 05:17:00,Friday,2023,8,05:17:00,Summer
224,17 August 202303:36[606],F9 B5 ♺B1067.13,"CCSFS,SLC-40",Starlink Group 6-10[607] (22 satellites),"~16,700 kg (36,800 lb)",LEO,SpaceX,Success,Success(drone ship),2023-08-17 03:36:00,Thursday,2023,8,03:36:00,Summer
225,22 August 202309:37[608],F9 B5 ♺B1061.15,"VSFB,SLC-4E",Starlink Group 7-1[609] (21 satellites),"~16,800 kg (37,000 lb)",LEO,SpaceX,Success,Success(drone ship),2023-08-22 09:37:00,Tuesday,2023,8,09:37:00,Summer
226,26 August 202307:27[610],F9 B5B1081.1[611],"KSC,LC-39A",Crew-7[612](Crew Dragon C210.3 Endurance ♺)[613],"~13,000 kg (29,000 lb)",LEO (ISS),NASA (CTS)[22],Success,Success(ground pad),2023-08-26 07:27:00,Saturday,2023,8,07:27:00,Summer
227,27 August 202301:05[614],F9 B5 ♺B1080.3,"CCSFS,SLC-40",Starlink Group 6-11[615] (22 satellites),"~16,700 kg (36,800 lb)",LEO,SpaceX,Success,Success(drone ship),2023-08-27 01:05:00,Sunday,2023,8,01:05:00,Summer
228,1 September 202302:21[616],F9 B5 ♺B1077.7,"CCSFS,SLC-40",Starlink Group 6-13[617] (22 satellites),"~16,700 kg (36,800 lb)",LEO,SpaceX,Success,Success(drone ship),2023-09-01 02:21:00,Friday,2023,9,02:21:00,Autumn
229,2 September 2023[618]14:25[619],F9 B5 ♺B1063.13,"VSFB,SLC-4E",Transport and Tracking Layer (Tranche 0B) (11 Transport and 2 Tracking Layer satellites),Unknown,LEO,SDA,Success,Success(ground pad),2023-09-02 00:00:00,Saturday,2023,9,00:00:00,Autumn
230,4 September 202302:47[620],F9 B5 ♺B1073.10,"KSC,LC-39A",Starlink Group 6-12[621] (21 satellites),"~16,800 kg (37,000 lb)",LEO,SpaceX,Success,Success(drone ship),2023-09-04 02:47:00,Monday,2023,9,02:47:00,Autumn
231,9 September 202303:12[622],F9 B5 ♺B1076.7,"CCSFS,SLC-40",Starlink Group 6-14[623] (22 satellites),"~16,700 kg (36,800 lb)",LEO,SpaceX,Success,Success(drone ship),2023-09-09 03:12:00,Saturday,2023,9,03:12:00,Autumn
232,12 September 202306:57[624],F9 B5 ♺B1071.11,"VSFB,SLC-4E",Starlink Group 7-2[625] (21 satellites),"~16,800 kg (37,000 lb)",LEO,SpaceX,Success,Success(drone ship),2023-09-12 06:57:00,Tuesday,2023,9,06:57:00,Autumn
233,16 September 202303:38[626],F9 B5 ♺B1078.5,"CCSFS,SLC-40",Starlink Group 6-16 (22 satellites),"~16,700 kg (36,800 lb)",LEO,SpaceX,Success,Success(drone ship),2023-09-16 03:38:00,Saturday,2023,9,03:38:00,Autumn
234,20 September 202303:38[629],F9 B5 ♺B1058.17,"CCSFS,SLC-40",Starlink Group 6-17 (22 satellites),"~16,700 kg (36,800 lb)",LEO,SpaceX,Success,Success(drone ship),2023-09-20 03:38:00,Wednesday,2023,9,03:38:00,Autumn
235,24 September 202303:38[630],F9 B5 ♺B1060.17,"CCSFS,SLC-40",Starlink Group 6-18 (22 satellites),"~16,700 kg (36,800 lb)",LEO,SpaceX,Success,Success(drone ship),2023-09-24 03:38:00,Sunday,2023,9,03:38:00,Autumn
236,25 September 202308:48[631],F9 B5 ♺B1075.6,"VSFB,SLC-4E",Starlink Group 7-3 (21 satellites),"~16,800 kg (37,000 lb)",LEO,SpaceX,Success,Success(drone ship),2023-09-25 08:48:00,Monday,2023,9,08:48:00,Autumn
237,30 September 202302:00[632],F9 B5 ♺B1069.10,"CCSFS,SLC-40",Starlink Group 6-19 (22 satellites),"~16,700 kg (36,800 lb)",LEO,SpaceX,Success,Success(drone ship),2023-09-30 02:00:00,Saturday,2023,9,02:00:00,Autumn
238,5 October 202305:36[633],F9 B5 ♺B1076.8,"CCSFS,SLC-40",Starlink Group 6-21 (22 satellites),"~16,700 kg (36,800 lb)",LEO,SpaceX,Success,Success(drone ship),2023-10-05 05:36:00,Thursday,2023,10,05:36:00,Autumn
239,9 October 202307:23[634],F9 B5 ♺B1063.14,"VSFB,SLC-4E",Starlink Group 7-4 (21 satellites),"~16,800 kg (37,000 lb)",LEO,SpaceX,Success,Success(drone ship),2023-10-09 07:23:00,Monday,2023,10,07:23:00,Autumn
240,13 October 202323:01[640],F9 B5 ♺B1067.14,"CCSFS,SLC-40",Starlink Group 6-22 (22 satellites),"~16,700 kg (36,800 lb)",LEO,SpaceX,Success,Success(drone ship),2023-10-13 23:01:00,Friday,2023,10,23:01:00,Autumn
241,18 October 202300:39[641],F9 B5 ♺B1062.16,"CCSFS,SLC-40",Starlink Group 6-23 (22 satellites),"~16,700 kg (36,800 lb)",LEO,SpaceX,Success,Success(drone ship),2023-10-18 00:39:00,Wednesday,2023,10,00:39:00,Autumn
242,21 October 202308:23[642],F9 B5 ♺B1061.16,"VSFB,SLC-4E",Starlink Group 7-5 (21 satellites),"~16,800 kg (37,000 lb)",LEO,SpaceX,Success,Success(drone ship),2023-10-21 08:23:00,Saturday,2023,10,08:23:00,Autumn
243,22 October 202302:17[643],F9 B5 ♺B1080.4,"CCSFS,SLC-40",Starlink Group 6-24 (23 satellites),"~17,100 kg (37,700 lb)",LEO,SpaceX,Success,Success(drone ship),2023-10-22 02:17:00,Sunday,2023,10,02:17:00,Autumn
244,29 October 202309:00[644],F9 B5 ♺B1075.7,"VSFB,SLC-4E",Starlink Group 7-6 (22 satellites),"~16,700 kg (36,800 lb)",LEO,SpaceX,Success,Success(drone ship),2023-10-29 09:00:00,Sunday,2023,10,09:00:00,Autumn
245,30 October 202323:20[645],F9 B5 ♺B1077.8,"CCSFS,SLC-40",Starlink Group 6-25 (23 satellites),"~17,100 kg (37,700 lb)",LEO,SpaceX,Success,Success(drone ship),2023-10-30 23:20:00,Monday,2023,10,23:20:00,Autumn
246,4 November 202300:37[646],F9 B5 ♺B1058.18,"CCSFS,SLC-40",Starlink Group 6-26 (23 satellites),"~17,100 kg (37,700 lb)",LEO,SpaceX,Success,Success(drone ship),2023-11-04 00:37:00,Saturday,2023,11,00:37:00,Autumn
247,8 November 202305:05[647],F9 B5 ♺B1073.11,"CCSFS,SLC-40",Starlink Group 6-27 (23 satellites),"~17,100 kg (37,700 lb)",LEO,SpaceX,Success,Success(drone ship),2023-11-08 05:05:00,Wednesday,2023,11,05:05:00,Autumn
248,10 November 202301:28[648],F9 B5 ♺B1081.2,"KSC,LC-39A",SpaceX CRS-29(Dragon C211.2 ♺),"~9,525 kg (20,999 lb)",LEO (ISS),NASA (CRS),Success,Success(ground pad),2023-11-10 01:28:00,Friday,2023,11,01:28:00,Autumn
249,11 November 202318:49[650],F9 B5 ♺B1071.12,"VSFB,SLC-4E",Transporter-9: (113 payloads Smallsat Rideshare),Unknown[e],SSO,Various,Success,Success(ground pad),2023-11-11 18:49:00,Saturday,2023,11,18:49:00,Autumn
250,12 November 202321:08[652],F9 B5 ♺B1076.9,"CCSFS,SLC-40",O3b mPOWER 5 & 6,"~4,100 kg (9,000 lb)",MEO,SES,Success,Success(drone ship),2023-11-12 21:08:00,Sunday,2023,11,21:08:00,Autumn
251,18 November 202305:05[653],F9 B5 ♺B1069.11,"CCSFS,SLC-40",Starlink Group 6-28 (23 satellites),"~17,100 kg (37,700 lb)",LEO,SpaceX,Success,Success(drone ship),2023-11-18 05:05:00,Saturday,2023,11,05:05:00,Autumn
252,20 November 202310:30[654],F9 B5 ♺B1063.15,"VSFB,SLC-4E",Starlink Group 7-7 (22 satellites),"~16,700 kg (36,800 lb)",LEO,SpaceX,Success,Success(drone ship),2023-11-20 10:30:00,Monday,2023,11,10:30:00,Autumn
253,22 November 202307:47[655],F9 B5 ♺B1067.15,"CCSFS,SLC-40",Starlink Group 6-29 (23 satellites),"~17,100 kg (37,700 lb)",LEO,SpaceX,Success,Success(drone ship),2023-11-22 07:47:00,Wednesday,2023,11,07:47:00,Autumn
254,28 November 202304:20[656],F9 B5 ♺B1062.17,"CCSFS,SLC-40",Starlink Group 6-30 (23 satellites),"~17,100 kg (37,700 lb)",LEO,SpaceX,Success,Success(drone ship),2023-11-28 04:20:00,Tuesday,2023,11,04:20:00,Autumn
255,1 December 202318:19[657],F9 B5 ♺B1061.17,"VSFB,SLC-4E",425 Project SAR satellite[658][659]EIRSAT-1 and others 23 secondary payloads[660],"~800 kg (1,800 lb)(main satellite)",SSO,Republic of Korea Armed Forces,Success,Success(ground pad),2023-12-01 18:19:00,Friday,2023,12,18:19:00,Winter
256,3 December 202304:00[662],F9 B5 ♺B1078.6,"CCSFS,SLC-40",Starlink Group 6-31 (23 satellites),"~17,100 kg (37,700 lb)",LEO,SpaceX,Success,Success(drone ship),2023-12-03 04:00:00,Sunday,2023,12,04:00:00,Winter
257,7 December 202305:07[663],F9 B5 ♺B1077.9,"CCSFS,SLC-40",Starlink Group 6-33 (23 satellites),"~17,100 kg (37,700 lb)",LEO,SpaceX,Success,Success(drone ship),2023-12-07 05:07:00,Thursday,2023,12,05:07:00,Winter
258,8 December 202308:03[664],F9 B5 ♺B1071.13,"VSFB,SLC-4E",Starlink Group 7-8 (22 satellites),"~16,700 kg (36,800 lb)",LEO,SpaceX,Success,Success(drone ship),2023-12-08 08:03:00,Friday,2023,12,08:03:00,Winter
259,19 December 202304:01[668],F9 B5 ♺B1081.3,"CCSFS,SLC-40",Starlink Group 6-34 (23 satellites),"~17,100 kg (37,700 lb)",LEO,SpaceX,Success,Success(drone ship),2023-12-19 04:01:00,Tuesday,2023,12,04:01:00,Winter
260,23 December 202305:33[669],F9 B5 ♺B1058.19,"CCSFS,SLC-40",Starlink Group 6-32 (23 satellites),"~17,100 kg (37,700 lb)",LEO,SpaceX,Success,Success[g](drone ship),2023-12-23 05:33:00,Saturday,2023,12,05:33:00,Winter
261,24 December 202313:11[671],F9 B5 ♺B1075.8,"VSFB,SLC-4E",SARah 2 & 3[672],"~3,600 kg (7,900 lb)",SSO,German Intelligence Service,Success,Success(ground pad),2023-12-24 13:11:00,Sunday,2023,12,13:11:00,Winter
262,29 December 202304:01[682],F9 B5 ♺B1069.12,"CCSFS,SLC-40",Starlink Group 6-36 (23 satellites),"~17,100 kg (37,700 lb)",LEO,SpaceX,Success,Success(drone ship),2023-12-29 04:01:00,Friday,2023,12,04:01:00,Winter
263,3 January 202403:44[687],F9 B5 B1082.1,"VSFB,SLC-4E",Starlink Group 7-9 (21 satellites),"~16,800 kg (37,000 lb)",LEO,SpaceX,Success,Success(drone ship),2024-01-03 03:44:00,Wednesday,2024,1,03:44:00,Winter
264,3 January 202423:04[688],F9 B5 ♺ B1076.10,"CCSFS,SLC-40",Ovzon-3,"1,800 kg (4,000 lb)",GTO,Ovzon,Success,Success(ground pad),2024-01-03 23:04:00,Wednesday,2024,1,23:04:00,Winter
265,7 January 202422:35[692],F9 B5 ♺ B1067.16,"CCSFS,SLC-40",Starlink Group 6-35 (23 satellites),"~17,100 kg (37,700 lb)",LEO,SpaceX,Success,Success(drone ship),2024-01-07 22:35:00,Sunday,2024,1,22:35:00,Winter
266,14 January 202408:59[694],F9 B5 ♺B1061.18,"VSFB,SLC-4E",Starlink Group 7-10 (22 satellites),"~16,700 kg (36,800 lb)",LEO,SpaceX,Success,Success(drone ship),2024-01-14 08:59:00,Sunday,2024,1,08:59:00,Winter
267,15 January 202401:52[695],F9 B5 ♺B1073.12,"CCSFS,SLC-40",Starlink Group 6-37 (23 satellites),"~17,100 kg (37,700 lb)",LEO,SpaceX,Success,Success(drone ship),2024-01-15 01:52:00,Monday,2024,1,01:52:00,Winter
268,18 January 202421:49[698],F9 B5 ♺B1080.5,"KSC,LC-39A",Ax-3(Crew Dragon C212.3 Freedom ♺) [556][699],"~13,000 kg (29,000 lb)",LEO (ISS),Axiom Space,Success,Success(ground pad),2024-01-18 21:49:00,Thursday,2024,1,21:49:00,Winter
269,24 January 202400:35[701],F9 B5 ♺B1063.16,"VSFB,SLC-4E",Starlink Group 7-11 (22 satellites),"~16,700 kg (36,800 lb)",LEO,SpaceX,Success,Success(drone ship),2024-01-24 00:35:00,Wednesday,2024,1,00:35:00,Winter
270,29 January 202401:10[702],F9 B5 ♺B1062.18,"KSC,LC-39A",Starlink Group 6-38 (23 satellites),"~17,100 kg (37,700 lb)",LEO,SpaceX,Success,Success(drone ship),2024-01-29 01:10:00,Monday,2024,1,01:10:00,Winter
271,29 January 202405:57[703],F9 B5 ♺B1075.9,"VSFB,SLC-4E",Starlink Group 7-12 (22 satellites),"~16,700 kg (36,800 lb)",LEO,SpaceX,Success,Success(drone ship),2024-01-29 05:57:00,Monday,2024,1,05:57:00,Winter
272,30 January 202417:07[704],F9 B5 ♺B1077.10,"CCSFS,SLC-40",CRS NG-20 (Cygnus (enhanced) S.S.Patricia “Patty” Hilliard Robertson)[705],"3,726 kg (8,214 lb)",LEO (ISS),Northrop Grumman (CRS),Success,Success(ground pad),2024-01-30 17:07:00,Tuesday,2024,1,17:07:00,Winter
273,8 February 202406:33[707],F9 B5 ♺B1081.4,"CCSFS,SLC-40",PACE,"1,694 kg (3,735 lb)",SSO,NASA (LSP),Success,Success(ground pad),2024-02-08 06:33:00,Thursday,2024,2,06:33:00,Winter
274,10 February 202400:34[709],F9 B5 ♺B1071.14,"VSFB,SLC-4E",Starlink Group 7-13 (22 satellites),"~16,700 kg (36,800 lb)",LEO,SpaceX,Success,Success(drone ship),2024-02-10 00:34:00,Saturday,2024,2,00:34:00,Winter
275,14 February 202422:30[710],F9 B5 ♺ B1078.7,"CCSFS,SLC-40",USSF-124 (2 HBTSS and 4 SDA Tranche 0 Tracking Layer satellites)[711],Unknown,LEO,USSFSDA,Success,Success(ground pad),2024-02-14 22:30:00,Wednesday,2024,2,22:30:00,Winter
276,15 February 202406:05[712],F9 B5 ♺ B1060.18,"KSC,LC-39A",IM-1 Nova-C Odysseus lander,"1,931 kg (4,257 lb)",TLI,NASA (CLPS)Intuitive Machines,Success,Success(ground pad),2024-02-15 06:05:00,Thursday,2024,2,06:05:00,Winter
277,15 February 202421:34[717],F9 B5 ♺B1082.2,"VSFB,SLC-4E",Starlink Group 7-14 (22 satellites),"~16,700 kg (36,800 lb)",LEO,SpaceX,Success,Success(drone ship),2024-02-15 21:34:00,Thursday,2024,2,21:34:00,Winter
278,20 February 202420:11[719],F9 B5 ♺B1067.17,"CCSFS,SLC-40",Merah Putih 2 / Telkomsat HTS 113BT[720],"4,000 kg (8,800 lb)",GTO,Telkom Indonesia,Success,Success(drone ship),2024-02-20 20:11:00,Tuesday,2024,2,20:11:00,Winter
279,23 February 202404:11[721],F9 B5 ♺B1061.19,"VSFB,SLC-4E",Starlink Group 7-15 (22 satellites),"~16,700 kg (36,800 lb)",LEO,SpaceX,Success,Success(drone ship),2024-02-23 04:11:00,Friday,2024,2,04:11:00,Winter
280,25 February 202422:06[723],F9 B5 ♺B1069.13,"CCSFS,SLC-40",Starlink Group 6-39 (24 satellites),"~17,500 kg (38,600 lb)",LEO,SpaceX,Success,Success(drone ship),2024-02-25 22:06:00,Sunday,2024,2,22:06:00,Winter
281,29 February 202415:30[725],F9 B5 ♺B1076.11,"CCSFS,SLC-40",Starlink Group 6-40 (23 satellites),"~17,100 kg (37,700 lb)",LEO,SpaceX,Success,Success(drone ship),2024-02-29 15:30:00,Thursday,2024,2,15:30:00,Winter
282,4 March 202403:53[726],F9 B5B1083.1,"KSC,LC-39A",Crew-8(Crew Dragon C206.5 Endeavour ♺ )[612],"~13,000 kg (29,000 lb)",LEO (ISS),NASA (CTS)[22],Success,Success(ground pad),2024-03-04 03:53:00,Monday,2024,3,03:53:00,Spring
283,4 March 202422:05[728],F9 B5 ♺B1081.5,"VSFB,SLC-4E",Transporter-10:(53 payloads SmallSat Rideshare)[729],Unknown[e],SSO,Various,Success,Success(ground pad),2024-03-04 22:05:00,Monday,2024,3,22:05:00,Spring
284,4 March 202423:56[731],F9 B5 ♺B1073.13,"CCSFS,SLC-40",Starlink Group 6-41 (23 satellites),"~17,100 kg (37,700 lb)",LEO,SpaceX,Success,Success(drone ship),2024-03-04 23:56:00,Monday,2024,3,23:56:00,Spring
285,10 March 202423:05[733],F9 B5 ♺B1077.11,"CCSFS,SLC-40",Starlink Group 6-43 (23 satellites),"~17,100 kg (37,700 lb)",LEO,SpaceX,Success,Success(drone ship),2024-03-10 23:05:00,Sunday,2024,3,23:05:00,Spring
286,11 March 202404:09[734],F9 B5 ♺B1063.17,"VSFB,SLC-4E",Starlink Group 7-17 (23 satellites),"~17,100 kg (37,700 lb)",LEO,SpaceX,Success,Success(drone ship),2024-03-11 04:09:00,Monday,2024,3,04:09:00,Spring
287,16 March 202400:21[735],F9 B5 ♺B1062.19,"KSC,LC-39A",Starlink Group 6-44 (23 satellites),"~17,100 kg (37,700 lb)",LEO,SpaceX,Success,Success(drone ship),2024-03-16 00:21:00,Saturday,2024,3,00:21:00,Spring
288,19 March 202402:28[736],F9 B5 ♺B1075.10,"VSFB,SLC-4E",Starlink Group 7-16 (20 Starlink and 2 Starshield satellites)[737],"~16,700 kg (36,800 lb)",LEO,SpaceX,Success,Success(drone ship),2024-03-19 02:28:00,Tuesday,2024,3,02:28:00,Spring
289,21 March 202420:55[739],F9 B5 ♺B1080.6,"CCSFS,SLC-40",SpaceX CRS-30(Dragon C209.4 ♺)[740],"2,721 kg (5,999 lb)",LEO (ISS),NASA (CRS),Success,Success(ground pad),2024-03-21 20:55:00,Thursday,2024,3,20:55:00,Spring
